Key,BrandId,BrandName,Brand,FinancialType,ProductName,BloombergTicker
keon/奇强,41213204,Keon/奇强,Keon/奇强,Stock,Nafine Chem,000737 CH EQUITY
aquarius/正广和,4041052,Aquarius/正广和,Aquarius/正广和,Stock,Shanghai Maling,600073 CH EQUITY
founder/方正,21461,Founder/方正,Founder/方正,Stock,Founder Tech,600601 CH EQUITY
macro/万家乐,31683,Macro/万家乐,Macro/万家乐,Stock,Guangdong Macro,000533 CH EQUITY
今世缘,4644093,今世缘,今世缘,Stock,King's Luck Brewery,603369 CH EQUITY
vanward/万和,30840,Vanward/万和,Vanward/万和,Stock,Vanward Electric,002543 CH EQUITY
东易日盛,72980942,东易日盛,东易日盛,Stock,Dong Yi Ri Sheng,002713 CH EQUITY
camicissima/恺米切,829108319,CAMICISSIMA/恺米切,CAMICISSIMA/恺米切,Stock,Baoxiniao,002154 CH EQUITY
littleswan/小天鹅,30657,Littleswan/小天鹅,Littleswan/小天鹅,Stock,Midea,000333 CH EQUITY
潮流前线,111896,潮流前线,潮流前线,Stock,Sou Yu Te,002503 CH EQUITY
royalstar/荣事达,30654,Royalstar/荣事达,Royalstar/荣事达,Stock,Whirlpool China,600983 CH EQUITY
维维,3788315,维维,维维,Stock,VV food,600300 CH EQUITY
haday/海天,3250190,HADAY/海天,HADAY/海天,Stock,Haitian Flavouring,603288 CH EQUITY
kelon/科龙,30651,Kelon/科龙,Kelon/科龙,Stock,Hisense Kelon,000921 CH EQUITY
conant/康耐特,95027373,Conant/康耐特,Conant/康耐特,Stock,Conant Optics,300061 CH EQUITY
tea beauty/茶颜,296464269,Tea Beauty/茶颜,Tea Beauty/茶颜,Stock,Shanghai Jahwa,600315 CH EQUITY
annil/安奈儿,4222667,Annil/安奈儿,Annil/安奈儿,Stock,Annil,002875 CH EQUITY
tosot/大松,528788281,TOSOT/大松,TOSOT/大松,Stock,Gree,000651 CH EQUITY
燕京,3230031,燕京,燕京,Stock,Yanjing Beer,000729 CH EQUITY
和酒,4536414,和酒,和酒,Stock,Jinfeng Wine,600616 CH EQUITY
erdos/鄂尔多斯,29481,Erdos/鄂尔多斯,ERDOS/鄂尔多斯,Stock,Eerduosi,600295 CH EQUITY
threegun/三枪,43251,THREEGUN/三枪,THREEGUN/三枪,Stock,Shanghai Dragon,600630 CH EQUITY
小康,3650141,小康,小康,Stock,Qiaqia Food,002557 CH EQUITY
greatwall/长城,34042,Greatwall/长城,GreatWall/长城,Stock,Greatwall Tech,000066 CH EQUITY
cover/卡文,4540378,cover/卡文,COVER/卡文,Stock,Harson Trading,603958 CH EQUITY
金健,3536406,GAEA GEM/金健,金健,Stock,Jinjian Cereals,600127 CH EQUITY
robam/老板,30837,Robam/老板,Robam/老板,Stock,robam,002508 CH EQUITY
maxam/美加净,3306749,maxam/美加净,Maxam/美加净,Stock,Shanghai Jahwa,600315 CH EQUITY
uniscom/紫光电子,11659,Uniscom/紫光电子,Uniscom/紫光电子,Stock,Tsinghua Unisplendour,000938 CH EQUITY
beingmate/贝因美,20319,BEINGMATE/贝因美,BEINGMATE/贝因美,Stock,Beingmate,002570 CH EQUITY
雷允上,3391457,雷允上,雷允上,Stock,KaiKai Industrial,600272 CH EQUITY
uchino,81647825,Uchino/内野,Uchino,Stock,Luolai Lifestyle,002293 CH EQUITY
金种子,3256096,金种子,金种子,Stock,Golden Seed Winery,600199 CH EQUITY
bftv/暴风tv,1053872529,BFTV/暴风TV,BFTV/暴风TV,Stock,BAOFENG,300431 CH EQUITY
tonze/天际,31696,Tonze/天际,Tonze/天际,Stock,Tonze electric,002759 CH EQUITY
conch/海螺,19459704,CONCH/海螺,CONCH/海螺,Stock,Shanghai Dragon,600630 CH EQUITY
天坛,3983734,天坛,天坛,Stock,Shanghai Pharmacy,601607 CH EQUITY
mine/寐,1044694293,MINE/寐,Mine/寐,Stock,Mendale Home,002397 CH EQUITY
solomo/索罗门,54119754,SOLOMO/索罗门,SOLOMO/索罗门,Stock,Yaoji Playing Card,002605 CH EQUITY
hibbo,48319789,HIBBO,Hibbo,Stock,Lonkey Industrial,000523 CH EQUITY
elecpro/伊立浦,3738792,ELECPRO/伊立浦,Elecpro/伊立浦,Stock,DEA General Aviation,002260 CH EQUITY
pearl river/珠江啤酒,543176905,PEARL RIVER/珠江啤酒,PEARL RIVER/珠江啤酒,Stock,Zhujiang Brewery,002461 CH EQUITY
神象,797760258,FETISH ELEPHANT/神象,神象,Stock,Shanghai Pharmacy,601607 CH EQUITY
lonkey/浪奇,3979123,lonkey/浪奇,Lonkey/浪奇,Stock,Lonkey Industrial,000523 CH EQUITY
blue erdos,493668367,blue erdos,BLUE ERDOS,Stock,Eerduosi,600295 CH EQUITY
maling/梅林,8740641,MALING/梅林,Maling/梅林,Stock,Shanghai Maling,600073 CH EQUITY
der/德尔,126302150,Der/德尔,DER/德尔,Stock,Der Future,002631 CH EQUITY
tcl,10858,TCL,TCL,Stock,TCL Group,000100 CH EQUITY
letv/乐视,3945625,Letv/乐视,Letv/乐视,Stock,Letv,300104 CH EQUITY
aller-a/爱旅儿,150376562,aller-a/爱旅儿,ALLER-A/爱旅儿,Stock,Harson Trading,603958 CH EQUITY
diqua/帝度,50878944,DIQUA/帝度,Diqua/帝度,Stock,Whirlpool China,600983 CH EQUITY
来伊份,7625988,来伊份,来伊份,Stock,Laiyifen,603777 CH EQUITY
西王,17610331,西王,西王,Stock,Xiwang Foodstuffs,000639 CH EQUITY
meters bonwe/美特斯邦威,29504,Meters Bonwe/美特斯邦威,Meters Bonwe/美特斯邦威,Stock,Metersbonwe,002269 CH EQUITY
homa/奥马,105448665,Homa/奥马,Homa/奥马,Stock,Homa Appliances,002668 CH EQUITY
midea/美的,30652,Midea/美的,Midea/美的,Stock,Midea,000333 CH EQUITY
鸿翔,3277166,鸿翔,鸿翔,Stock,Yunnan Hongxiang,002727 CH EQUITY
leader/统帅,113190408,Leader/统帅,Leader/统帅,Stock,Haier,600690 CH EQUITY
plandoo/帕兰朵,107381,PLANDOO/帕兰朵,Plandoo/帕兰朵,Stock,NanJi E-Commerce,002127 CH EQUITY
haier/海尔,11016,Haier/海尔,Haier/海尔,Stock,Haier,600690 CH EQUITY
harson/哈森,44607,Harson/哈森,HARSON/哈森,Stock,Harson Trading,603958 CH EQUITY
grand dragon/威龙,288544962,GRAND DRAGON/威龙,GRAND DRAGON/威龙,Stock,Wei Long Wine,603779 CH EQUITY
莫斯利安,369948762,MOMCHILOVTSI/莫斯利安,莫斯利安,Stock,Bright Dairy,600597 CH EQUITY
gree/格力,30645,Gree/格力,Gree/格力,Stock,Gree,000651 CH EQUITY
chj/潮宏基,4166906,CHJ/潮宏基,CHJ/潮宏基,Stock,CHJ,002345 CH EQUITY
fresh herb/一花一木,1162030619,FRESH HERB/一花一木,FRESH HERB/一花一木,Stock,Shanghai Jahwa,600315 CH EQUITY
youngor/雅戈尔,29531,Youngor/雅戈尔,Youngor/雅戈尔,Stock,Youngor,600177 CH EQUITY
septwolves/七匹狼,29519,Septwolves/七匹狼,Septwolves/七匹狼,Stock,Septwolves,002029 CH EQUITY
开开,3226774,开开,开开,Stock,KaiKai Industrial,600272 CH EQUITY
水井坊,4536640,水井坊,水井坊,Stock,Swellfun,600779 CH EQUITY
小狗,45587,小狗,小狗,Stock,Xiaogou Electronics,870077 CH EQUITY
ronshen/容声,30655,Ronshen/容声,Ronshen/容声,Stock,Hisense Kelon,000921 CH EQUITY
金叶珠宝,1407815619,GOLDLEAF JEWELRY/金叶珠宝,金叶珠宝,Stock,Jinzhou Cihang,000587 CH EQUITY
洽洽,1094640108,ChaCheer/洽洽,洽洽,Stock,Qiaqia Food,002557 CH EQUITY
hyundai/现代,21929,HYUNDAI/现代,HYUNDAI/现代,Stock,Konka,000016 CH EQUITY
十八酒坊,4540472,十八酒坊,十八酒坊,Stock,Laobaigan Liquor,600559 CH EQUITY
nec,10604,NEC,NEC,Stock,AOC,00903 CH EQUITY
fion/菲安妮,31878,Fion/菲安妮,FION/菲安妮,Stock,CHJ,002345 CH EQUITY
peacebird/太平鸟,109718,PEACEBIRD/太平鸟,PEACEBIRD/太平鸟,Stock,Peacebird,603877 CH EQUITY
casarte/卡萨帝,193874401,Casarte/卡萨帝,Casarte/卡萨帝,Stock,Haier,600690 CH EQUITY
光明,652448266,光明,光明,Stock,Bright Dairy,600597 CH EQUITY
lexy/莱克,7024321,LEXY/莱克,LEXY/莱克,Stock,KingClean Electric,603355 CH EQUITY
古井贡,4536999,古井贡,古井贡,Stock,Gujing Distillery,000596 CH EQUITY
phenix/凤凰,3443396,Phenix/凤凰,Phenix/凤凰,Stock,Shanghai Dragon,600630 CH EQUITY
gf/高夫,3305573,gf/高夫,gf/高夫,Stock,Shanghai Jahwa,600315 CH EQUITY
saint angelo/报喜鸟,29517,Saint Angelo/报喜鸟,SAINT ANGELO/报喜鸟,Stock,Baoxiniao,002154 CH EQUITY
sunflower/圣之花,21539697,Sunflower/圣之花,SunFlower/圣之花,Stock,Fuanna,002327 CH EQUITY
herborist/佰草集,20016,Herborist/佰草集,Herborist/佰草集,Stock,Shanghai Jahwa,600315 CH EQUITY
comix/齐心,105625,Comix/齐心,Comix/齐心,Stock,Comix,002301 CH EQUITY
牛栏山,4536490,牛栏山,牛栏山,Stock,Shunxin Agriculture,000860 CH EQUITY
netac/朗科,22083,Netac/朗科,Netac/朗科,Stock,Netac,300042 CH EQUITY
hla/海澜之家,119861624,HLA/海澜之家,HLA/海澜之家,Stock,Heilan,600398 CH EQUITY
chunlan/春兰,30642,chunlan/春兰,Chunlan/春兰,Stock,Chunlan,600854 CH EQUITY
mmk,4372636,mmk,MMK,Stock,Dohia home,002761 CH EQUITY
唐宋,30558,唐宋,唐宋,Stock,Shaoxing Wine,601579 CH EQUITY
民光,3815899,民光,民光,Stock,Shanghai Dragon,600630 CH EQUITY
labi baby/拉比,33465,LABI BABY/拉比,LABI BABY/拉比,Stock,Labi,002762 CH EQUITY
mini peace,155286855,mini peace,MINI PEACE,Stock,Peacebird,603877 CH EQUITY
aucma/澳柯玛,30638,Aucma/澳柯玛,AUCMA/澳柯玛,Stock,Aucma,600336 CH EQUITY
angel/安琪,3219783,ANGEL/安琪,Angel/安琪,Stock,Angel Yeast,600298 CH EQUITY
cartelo/卡帝乐鳄鱼,30116,CARTELO/卡帝乐鳄鱼,Cartelo/卡帝乐鳄鱼,Stock,NanJi E-Commerce,002127 CH EQUITY
sarabanda,10646589,sarabanda,Sarabanda,Stock,Semir,002563 CH EQUITY
石库门,8626000,石库门,石库门,Stock,Jinfeng Wine,600616 CH EQUITY
edelita/意德丽塔,743826246,EDELITA/意德丽塔,EDELITA/意德丽塔,Stock,Deli Household Glass,002571 CH EQUITY
holike/好莱客,251346535,holike/好莱客,Holike/好莱客,Stock,Haolaike,603898 CH EQUITY
baker dream/百钻,60418984,Baker Dream/百钻,Baker Dream/百钻,Stock,Angel Yeast,600298 CH EQUITY
banbao/邦宝,31192574,BanBao/邦宝,Banbao/邦宝,Stock,Banbao,603398 CH EQUITY
piano/皮阿诺,7436435,PIANO/皮阿诺,Piano/皮阿诺,Stock,Piano,002853 CH EQUITY
rebecca/瑞贝卡,77078650,rebecca/瑞贝卡,Rebecca/瑞贝卡,Stock,Rebecca,600439 CH EQUITY
贵人鸟,3271112,贵人鸟,贵人鸟,Stock,Gui Ren Niao,603555 CH EQUITY
coyeee/加一尚品,152386789,COYEEE/加一尚品,COYEEE/加一尚品,Stock,Huijie,002763 CH EQUITY
沱牌,7076326,沱牌,沱牌,Stock,Tuopai Shede,600702 CH EQUITY
雷氏,4339427,雷氏,雷氏,Stock,Shanghai Pharmacy,601607 CH EQUITY
j.baschi/乔百仕,993732046,J.BASCHI/乔百仕,J.BASCHI/乔百仕,Stock,Huijie,002763 CH EQUITY
迎驾,8587848,迎驾,迎驾,Stock,Yingjia Distillery,603198 CH EQUITY
ellassay/歌力思,3470894,ELLASSAY/歌力思,ELLASSAY/歌力思,Stock,ELLASSAY,603808 CH EQUITY
liven/利仁,149474648,LIVEN/利仁,LIVEN/利仁,Stock,LIVEN,838907 CH EQUITY
苏宁,975466814,SUNING/苏宁,苏宁,Stock,Suning,002024 CH EQUITY
be＆cheery/百草味,11714362,BE＆CHEERY/百草味,BE＆CHEERY/百草味,Stock,Haoxiangni Jujube,002582 CH EQUITY
fondberyl/菲伯丽尔,4539217,Fondberyl/菲伯丽尔,FONDBERYL/菲伯丽尔,Stock,Saturday Co,002291 CH EQUITY
qm/曲美,3231604,QM/曲美,QM/曲美,Stock,Qumei,603818 CH EQUITY
新亚,3747187,新亚,新亚,Stock,Shanghai Pharmacy,601607 CH EQUITY
洁柔,3786707,洁柔,洁柔,Stock,C&S Paper,002511 CH EQUITY
moutai/茅台,4101168,Moutai/茅台,Moutai/茅台,Stock,Moutai,600519 CH EQUITY
恒顺,3230019,恒顺,恒顺,Stock,Hengshun Vinegar,600305 CH EQUITY
hodo/红豆,48481339,Hodo/红豆,Hodo/红豆,Stock,Hongdo,600400 CH EQUITY
busen/步森,29473,Busen/步森,BUSEN/步森,Stock,Busen Garments,002569 CH EQUITY
古越龙山,4536992,古越龙山,古越龙山,Stock,Guyuelongshan,600059 CH EQUITY
伊力,3827987,伊力,伊力,Stock,Yilite,600197 CH EQUITY
kktv,62499356,kktv,KKTV,Stock,Konka,000016 CH EQUITY
tospo/得邦,74317379,Tospo/得邦,Tospo/得邦,Stock,Tospo,603303 CH EQUITY
edifier/漫步者,20793,Edifier/漫步者,Edifier/漫步者,Stock,Edifier,002351 CH EQUITY
lafuma/乐飞叶,27985,Lafuma/乐飞叶,LAFUMA/乐飞叶,Stock,Baoxiniao,002154 CH EQUITY
venti/梵迪,92678117,VENTI/梵迪,VENTI/梵迪,Stock,CHJ,002345 CH EQUITY
西塘,9875359,西塘,西塘,Stock,Shaoxing Wine,601579 CH EQUITY
luolai kids/罗莱儿童,33105859,Luolai Kids/罗莱儿童,Luolai Kids/罗莱儿童,Stock,Luolai Lifestyle,002293 CH EQUITY
bravo/馨而乐,21539928,Bravo/馨而乐,Bravo/馨而乐,Stock,Fuanna,002327 CH EQUITY
discovery expedition,75211622,DISCOVERY EXPEDITION,DISCOVERY EXPEDITION,Stock,Toread,300005 CH EQUITY
银蝶坊,125752775,银蝶坊,银蝶坊,Stock,Lao Feng Xiang,600612 CH EQUITY
keylid/健力多,559414702,KEYLID/健力多,KEYLID/健力多,Stock,By-health,300146 CH EQUITY
dr.yu/玉泽,14807545,Dr.Yu/玉泽,Dr.Yu/玉泽,Stock,Shanghai Jahwa,600315 CH EQUITY
美圣世家,731856718,美圣世家,美圣世家,Stock,Jinfeng Wine,600616 CH EQUITY
衡水老白干,4536417,衡水老白干,衡水老白干,Stock,Laobaigan Liquor,600559 CH EQUITY
classic teddy/精典泰迪,766398241,CLASSIC TEDDY/精典泰迪,Classic Teddy/精典泰迪,Stock,NanJi E-Commerce,002127 CH EQUITY
mailyard/美尔雅,132188819,MAILYARD/美尔雅,MAILYARD/美尔雅,Stock,Hubei Mailyard,600107 CH EQUITY
supor/苏泊尔,30844,SUPOR/苏泊尔,Supor/苏泊尔,Stock,supor,002032 CH EQUITY
青苹果,110070866,青苹果,青苹果,Stock,Deli Household Glass,002571 CH EQUITY
hisense/海信,11599,Hisense/海信,Hisense/海信,Stock,Hisense Kelon,000921 CH EQUITY
juzui/玖姿,4139249,JUZUI/玖姿,JUZUI/玖姿,Stock,Anzheng Fashion,603839 CH EQUITY
姚记,3546407,姚记,姚记,Stock,Yaoji Playing Card,002605 CH EQUITY
donlim/东菱,31350,Donlim/东菱,Donlim/东菱,Stock,Donlim,002705 CH EQUITY
gson,730976644,GSON/固尚,GSON,Stock,Semir,002563 CH EQUITY
杏花村,107545,杏花村,杏花村,Stock,Fen Wine,600809 CH EQUITY
vatti/华帝,30835,Vatti/华帝,Vatti/华帝,Stock,Vatti,002035 CH EQUITY
sheridan,3549442,Sheridan,Sheridan,Stock,Luolai Lifestyle,002293 CH EQUITY
冠生园,103472,冠生园,冠生园,Stock,Shanghai Maling,600073 CH EQUITY
vive/双妹,183584941,vive/双妹,vive/双妹,Stock,Shanghai Jahwa,600315 CH EQUITY
joeone/九牧王,135284,Joeone/九牧王,Joeone/九牧王,Stock,Joeone,601566 CH EQUITY
flyco/飞科,30822,Flyco/飞科,Flyco/飞科,Stock,Shanghai Flyco,603868 CH EQUITY
ovemar/欧美尔,597790014,OVEMAR/欧美尔,OVEMAR/欧美尔,Stock,Sinoer,002485 CH EQUITY
梦洁宝贝,3963987,M&middot;J BABY/梦洁宝贝,梦洁宝贝,Stock,Mendale Home,002397 CH EQUITY
乌江,6905051,乌江,乌江,Stock,Fuling Zhacai,002507 CH EQUITY
joyoung/九阳,30850,Joyoung/九阳,Joyoung/九阳,Stock,Joyoung,002242 CH EQUITY
燕塘,38262456,燕塘,燕塘,Stock,Yantang Dairy,002732 CH EQUITY
会稽山,4533829,会稽山,会稽山,Stock,Shaoxing Wine,601579 CH EQUITY
lotus/莲花,74561470,LOTUS/莲花,LOTUS/莲花,Stock,Lotus Health,600186 CH EQUITY
双塔,9759195,双塔,双塔,Stock,Shuangta Food,002481 CH EQUITY
kinghome/晶弘,94577551,Kinghome/晶弘,Kinghome/晶弘,Stock,Gree,000651 CH EQUITY
pure canterbury/培儿贝瑞,133358637,PURE CANTERBURY/培儿贝瑞,PURE CANTERBURY/培儿贝瑞,Stock,Bright Dairy,600597 CH EQUITY
乌毡帽,41506762,乌毡帽,乌毡帽,Stock,Shaoxing Wine,601579 CH EQUITY
苍松,7470812,苍松,苍松,Stock,Shanghai Pharmacy,601607 CH EQUITY
stonefly/斯通富来,20413243,STONEFLY/斯通富来,STONEFLY/斯通富来,Stock,Saturday Co,002291 CH EQUITY
nubia/努比亚,280928896,nubia/努比亚,NUBIA/努比亚,Stock,ZTE,000063 CH EQUITY
红豆居家,57152812,Hodohome/红豆居家,红豆居家,Stock,Hongdo,600400 CH EQUITY
changhong/长虹,30641,Changhong/长虹,Changhong/长虹,Stock,Changhong,600839 CH EQUITY
aokang/奥康,29462,Aokang/奥康,Aokang/奥康,Stock,Aokang,603001 CH EQUITY
乐町,4057780,乐町,乐町,Stock,Peacebird,603877 CH EQUITY
rapoo/雷柏,101072,Rapoo/雷柏,Rapoo/雷柏,Stock,Shenzhen Rapoo,002577 CH EQUITY
椰岛,3552678,椰岛,椰岛,Stock,Hainan Yedao,600238 CH EQUITY
伊力特,4540465,伊力特,伊力特,Stock,Yilite,600197 CH EQUITY
semir/森马,130259,Semir/森马,Semir/森马,Stock,Semir,002563 CH EQUITY
美眠康,128114252,美眠康,美眠康,Stock,Dohia home,002761 CH EQUITY
金色年华,3367024,金色年华,金色年华,Stock,Jinfeng Wine,600616 CH EQUITY
meiling/美菱,30653,MeiLing/美菱,MeiLing/美菱,Stock,Hefei Meiling,000521 CH EQUITY
toread/探路者,28006,Toread/探路者,Toread/探路者,Stock,Toread,300005 CH EQUITY
rehome,152550223,rehome,Rehome,Stock,Markor International,600337 CH EQUITY
jumex/极美滋,4539085,JUMEX/极美滋,JUMEX/极美滋,Stock,Gaugen,870909 CH EQUITY
sine/信谊,616354956,SINE/信谊,SINE/信谊,Stock,Shanghai Pharmacy,601607 CH EQUITY
sleemon/喜临门,4486287,SLEEMON/喜临门,Sleemon/喜临门,Stock,Sleemon,603008 CH EQUITY
opple/欧普照明,100290,OPPLE/欧普照明,OPPLE/欧普照明,Stock,OPPLE,603515 CH EQUITY
kaiser/凯撒,45467,Kaiser/凯撒,KAISER/凯撒,Stock,Kaiser,002425 CH EQUITY
鼎炉,6955566,鼎炉,鼎炉,Stock,Shanghai Pharmacy,601607 CH EQUITY
金字,4538948,金字,金字,Stock,Jinzi Ham,002515 CH EQUITY
haers/哈尔斯,13498385,HAERS/哈尔斯,Haers/哈尔斯,Stock,Haers Vacuum,002615 CH EQUITY
wanlima/万里马,30148,Wanlima/万里马,Wanlima/万里马,Stock,Wanlima,300591 CH EQUITY
mese/美多丝,832562911,mese/美多丝,Mese/美多丝,Stock,Lafang,603630 CH EQUITY
nanfang black sesame/南方黑芝麻,11228735,NANFANG BLACK SESAME/南方黑芝麻,NANFANG BLACK SESAME/南方黑芝麻,Stock,Nanfang Black Sesame,000716 CH EQUITY
千禾,7719279,千禾,千禾,Stock,Qianhe,603027 CH EQUITY
裕湘,15873768,裕湘,裕湘,Stock,Jinjian Cereals,600127 CH EQUITY
aoc,3406946,Aoc/冠捷,AOC,Stock,AOC,00903 CH EQUITY
舍得,4537297,舍得,舍得,Stock,Tuopai Shede,600702 CH EQUITY
idf/伊迪菲,9161051,IDF/伊迪菲,IDF/伊迪菲,Stock,Hongdo,600400 CH EQUITY
lontrue/朗源,76999432,LONTRUE/朗源,LONTRUE/朗源,Stock,Lontrue,300175 CH EQUITY
fiyta/飞亚达,119845,Fiyta/飞亚达,Fiyta/飞亚达,Stock,Fiyta,000026 CH EQUITY
迎驾贡酒,50526263,迎驾贡酒,迎驾贡酒,Stock,Yingjia Distillery,603198 CH EQUITY
bird/波导,10955,BIRD/波导,BIRD/波导,Stock,Ningbo Bird,600130 CH EQUITY
whirlpool/惠而浦,66878525,Whirlpool/惠而浦,Whirlpool/惠而浦,Stock,Whirlpool China,600983 CH EQUITY
三元,703996705,SY/三元,三元,Stock,Sanyuan Foods,600429 CH EQUITY
giuseppe/乔治白,8772749,Giuseppe/乔治白,GIUSEPPE/乔治白,Stock,Giuseppe Garment,002687 CH EQUITY
safiya/索菲娅,139317,Safiya/索菲娅,SAFIYA/索菲娅,Stock,Saturday Co,002291 CH EQUITY
softto/索芙特,3289999,SOFTTO/索芙特,Softto/索芙特,Stock,Teamax Smart City,000662 CH EQUITY
hikvision/海康威视,3364141,HIKVISION/海康威视,Hikvision/海康威视,Stock,Hikvision,002415 CH EQUITY
全聚德,111494,全聚德,全聚德,Stock,Quanjude,002186 CH EQUITY
forever/永久,42231,FOREVER/永久,FOREVER/永久,Stock,Zhonglu,600818 CH EQUITY
firs/杉杉,31526399,Firs/杉杉,Firs/杉杉,Stock,Shanshan,600884 CH EQUITY
南极人,107380,南极人,南极人,Stock,NanJi E-Commerce,002127 CH EQUITY
anjoy/安井,675900607,Anjoy/安井,Anjoy/安井,Stock,Anjoy,603345 CH EQUITY
delis/煌上煌,111495,DELIS/煌上煌,DELIS/煌上煌,Stock,Huangshanghuang,002695 CH EQUITY
acanu/阿肯诺,141282027,ACANU/阿肯诺,ACANU/阿肯诺,Stock,Toread,300005 CH EQUITY
konka/康佳,11161,Konka/康佳,Konka/康佳,Stock,Konka,000016 CH EQUITY
汾酒,8224326,汾酒,汾酒,Stock,Fen Wine,600809 CH EQUITY
eastern gold jade/东方金钰,1137430080,Eastern gold Jade/东方金钰,Eastern Gold Jade/东方金钰,Stock,Eastern Gold Jade,600086 CH EQUITY
fiona chen/斐娜晨,762622297,fiona chen/斐娜晨,Fiona chen/斐娜晨,Stock,Anzheng Fashion,603839 CH EQUITY
zucchi/素绮,151124864,ZUCCHI/素绮,ZUCCHI/素绮,Stock,Luolai Lifestyle,002293 CH EQUITY
zte/中兴,11208,ZTE/中兴,ZTE/中兴,Stock,ZTE,000063 CH EQUITY
